<?xml version="1.0" encoding="UTF-8"?>
<project-private xmlns="http://www.netbeans.org/ns/project-private/1">
    <editor-bookmarks xmlns="http://www.netbeans.org/ns/editor-bookmarks/2" lastBookmarkId="0"/>
    <open-files xmlns="http://www.netbeans.org/ns/projectui-open-files/2">
        <group>
            <file>file:/C:/Users/hrith/OneDrive/Documents/NetBeansProjects/Nexus/src/Nexus/UserManager.java</file>
            <file>file:/C:/Users/hrith/OneDrive/Documents/NetBeansProjects/Nexus/src/Nexus/User.java</file>
            <file>file:/C:/Users/hrith/OneDrive/Documents/NetBeansProjects/Nexus/src/Nexus/DashBoard.java</file>
            <file>file:/C:/Users/hrith/OneDrive/Documents/NetBeansProjects/Nexus/src/Nexus/FeedBackManager.java</file>
            <file>file:/C:/Users/hrith/OneDrive/Documents/NetBeansProjects/Nexus/src/Nexus/DashBoardAdmin.java</file>
            <file>file:/C:/Users/hrith/OneDrive/Documents/NetBeansProjects/Nexus/src/Nexus/Book.java</file>
            <file>file:/C:/Users/hrith/OneDrive/Documents/NetBeansProjects/Nexus/src/Nexus/Register.java</file>
            <file>file:/C:/Users/hrith/OneDrive/Documents/NetBeansProjects/Nexus/src/Nexus/SignInPage.java</file>
            <file>file:/C:/Users/hrith/OneDrive/Documents/NetBeansProjects/Nexus/src/Nexus/DisplayManager.java</file>
            <file>file:/C:/Users/hrith/OneDrive/Documents/NetBeansProjects/Nexus/src/Nexus/BookManager.java</file>
        </group>
    </open-files>
</project-private>
