MA101,Engineering Mathematics I,Das Pal,CSE,1,Maths
MA102,Engineering Mathematics,S Chand,CSE,1,Maths
MA201,Engineering Mathematics II,Das Pal,CSE,2,Maths
MA202,Engineering Mathematics II,G Balaji,CSE,2,Maths
MA301,Engineering Mathematics III,K R Atal,CSE,3,Maths
MA302,Engineering Mathematics III,S Chand,CSE,3,Maths
CC101,C Programming Language,Pearson,CSE,1,Coding
CC102,C Programming,B L Juneja,CSE,1,Coding
CC201,Data Structures with C,Seymour Lipschutz,CSE,2,Coding
CC202,Data Structures using C, Pearson,CSE,2,Coding
CC301,The Complete Reference Java,Herbert Schildt,CSE,3,Coding
CC302,Java Swing,O Reilly,CSE,2,Coding
CE201,Signals and Systems,S Narayana,ECE,2,Circuits
CE202,Analog Communications,A P Godse,ECE,2,Circuits
CE301,Digital Electronics,D Edwin,ECE,3,Circuits
CE302,Electronic Circuits III,K Balaji,ECE,3,Circuits
CI201,Programming Pearls,Jon Bentley,IT,2,Coding
CI202,Refactoring,Martin Fowler,IT,2,Coding
CI301,Basic ICD-9-CM Coding Exercises,Ahima,IT,3,Coding